e_cblp,e_cp,e_cparhdr,e_maxalloc,e_sp,e_lfanew,NumberOfSections,CreationYear,FH_char0,FH_char1,FH_char2,FH_char3,FH_char4,FH_char5,FH_char6,FH_char7,FH_char8,FH_char9,FH_char10,FH_char11,FH_char12,FH_char13,FH_char14,MajorLinkerVersion,MinorLinkerVersion,SizeOfCode,SizeOfInitializedData,SizeOfUninitializedData,AddressOfEntryPoint,BaseOfCode,BaseOfData,ImageBase,SectionAlignment,FileAlignment,MajorOperatingSystemVersion,MinorOperatingSystemVersion,MajorImageVersion,MinorImageVersion,MajorSubsystemVersion,MinorSubsystemVersion,SizeOfImage,SizeOfHeaders,CheckSum,Subsystem,OH_DLLchar0,OH_DLLchar1,OH_DLLchar2,OH_DLLchar3,OH_DLLchar4,OH_DLLchar5,OH_DLLchar6,OH_DLLchar7,OH_DLLchar8,OH_DLLchar9,OH_DLLchar10,SizeOfStackReserve,SizeOfStackCommit,SizeOfHeapReserve,SizeOfHeapCommit,LoaderFlags,sus_sections,non_sus_sections,packer,packer_type,E_text,E_data,filesize,E_file,fileinfo,class
144,3,4,65535,184,216,5,0,1,1,1,1,0,0,0,1,0,0,0,0,0,0,0,6,0,26624,186368,2048,13199,4096,32768,1,1,1,4,0,6,0,4,0,1,1,52717204,2,1,0,1,0,1,0,0,1,0,0,0,1048576,4096,1048576,4096,1,1,4,0,NoPacker,6.451784672975888,4.03532418489749,52686744,7.996152401267959,0
144,3,4,65535,184,216,5,0,1,1,1,1,0,0,0,1,0,0,0,0,0,0,0,6,0,26624,473088,16384,13199,4096,32768,1,1,1,4,0,6,0,4,0,1,1,67725542,2,1,0,1,0,1,0,0,1,0,0,0,1048576,4096,1048576,4096,1,1,4,0,NoPacker,6.450282348506287,4.037117731448378,67677656,7.999770744420656,0
144,3,4,65535,184,296,5,0,0,1,0,0,0,0,0,1,0,1,1,0,0,0,0,14,29,4532224,3631616,0,4037901,4096,4575232,1,1,1,5,2,0,0,5,2,1,1,8187492,2,1,0,1,0,0,0,0,1,0,0,0,1048576,4096,1048576,4096,1,1,4,0,NoPacker,6.6950360280980625,4.5053954223764565,8185032,6.851906512897842,0
144,3,4,65535,184,272,6,0,0,1,0,0,0,0,0,1,0,1,1,0,0,0,0,14,11,301568,237056,0,189094,4096,307200,1,1,1,5,1,0,0,5,1,1,1,28524610,2,1,0,1,0,0,0,0,1,0,0,0,1048576,4096,1048576,4096,1,2,4,0,NoPacker,6.570006046413636,3.1526594027632213,28488112,7.9977829760243315,0
144,3,4,65535,184,128,11,0,0,1,1,1,0,1,0,0,1,0,0,0,0,0,0,0,0,0,0,0,0,0,0,0,0,0,0,0,0,0,0,0,0,0,0,0,0,0,0,0,0,0,4,7,0,NoPacker,5.959608938756633,0.6935799423793971,38400,5.824381999608058,0
